p,d,loss_rate_emp,final_mean_err,decay_ratio,control_rms,settle_time_50pct,min_pair_dist,final_err_agv1,final_err_agv12
0.05,1,0.0477440319960005,0.283018992121723,0.158608906478707,0.337058134420872,36,0.0128531876982102,0.084222916785025,0.442483800973004
0.05,2,0.0477440319960005,0.284073094240151,0.159199644164074,0.34826393523091,35.95,0.0136486484072309,0.0946889665174528,0.442860422801607
0.05,3,0.0477440319960005,0.283782919757607,0.159037025192748,0.364369745060329,36,0.0149382856320305,0.0934680954257423,0.442399983775216
0.2,1,0.198350206224222,0.283515291269576,0.158887041400103,0.33926165711136,36,0.0128091500787827,0.0874899170933442,0.442706180372002
0.2,2,0.198350206224222,0.284340985697647,0.159349775329512,0.350660001109132,35.95,0.0137567804387668,0.094634343178902,0.442944084202889
0.2,3,0.198350206224222,0.284073044585827,0.159199616336902,0.367809590015837,36,0.0151195808330662,0.0941131855234698,0.442734914282608
0.35,1,0.345956755405574,0.284067154804459,0.159196315598054,0.342184070164547,36,0.012922597862428,0.0922807670117948,0.442723515754765
0.35,2,0.345956755405574,0.283754061733661,0.159020852639851,0.354125915253257,35.95,0.0140133895977808,0.0942771557861231,0.442949454652892
0.35,3,0.345956755405574,0.283743644392888,0.159015014575712,0.373685403247488,36,0.0154349657242989,0.0918910081094151,0.44369191840442
